{
  "env": {
    "browser": true,
    "node": true,
    "es2021": true
  },
  "parser": "@typescript-eslint/parser",
  "parserOptions": {
    "ecmaFeatures": {
      "jsx": true
    },
    "ecmaVersion": 12,
    "sourceType": "module"
  },
  "plugins": ["react", "@typescript-eslint"],
  "extends": [
    "eslint:recommended",
    "plugin:@typescript-eslint/recommended",
    "plugin:import/typescript",
    "plugin:import/recommended",
    "next",
    "next/core-web-vitals",
    "plugin:prettier/recommended"
  ],
  "rules": {
    "import/order": [
      "warn",
      {
        "groups": [
          "builtin",
          "external",
          "internal",
          "parent",
          "sibling",
          "index",
          "object",
          "type"
        ],
        "pathGroups": [
          {
            "pattern": "next",
            "group": "external",
            "position": "before"
          },
          {
            "pattern": "./*.scss",
            "group": "sibling",
            "position": "after"
          }
        ],
        "pathGroupsExcludedImportTypes": ["next", "./*.scss"],
        "alphabetize": {
          "order": "asc",
          "caseInsensitive": true
        }
      }
    ]
  }
}
